{
  "hash": "05da6657",
  "configHash": "6f93fae1",
  "lockfileHash": "8b84c08a",
  "browserHash": "01c4168c",
  "optimized": {
    "@angular/cdk/bidi": {
      "src": "../../../../../../node_modules/@angular/cdk/fesm2022/bidi.mjs",
      "file": "@angular_cdk_bidi.js",
      "fileHash": "748e1272",
      "needsInterop": false
    },
    "@angular/cdk/scrolling": {
      "src": "../../../../../../node_modules/@angular/cdk/fesm2022/scrolling.mjs",
      "file": "@angular_cdk_scrolling.js",
      "fileHash": "85eb5c9a",
      "needsInterop": false
    },
    "@angular/cdk/text-field": {
      "src": "../../../../../../node_modules/@angular/cdk/fesm2022/text-field.mjs",
      "file": "@angular_cdk_text-field.js",
      "fileHash": "218cc604",
      "needsInterop": false
    },
    "@angular/common": {
      "src": "../../../../../../node_modules/@angular/common/fesm2022/common.mjs",
      "file": "@angular_common.js",
      "fileHash": "0f2a7b96",
      "needsInterop": false
    },
    "@angular/common/http": {
      "src": "../../../../../../node_modules/@angular/common/fesm2022/http.mjs",
      "file": "@angular_common_http.js",
      "fileHash": "c3a43b2d",
      "needsInterop": false
    },
    "@angular/core": {
      "src": "../../../../../../node_modules/@angular/core/fesm2022/core.mjs",
      "file": "@angular_core.js",
      "fileHash": "9f334e20",
      "needsInterop": false
    },
    "@angular/forms": {
      "src": "../../../../../../node_modules/@angular/forms/fesm2022/forms.mjs",
      "file": "@angular_forms.js",
      "fileHash": "2e32ca6f",
      "needsInterop": false
    },
    "@angular/material/button": {
      "src": "../../../../../../node_modules/@angular/material/fesm2022/button.mjs",
      "file": "@angular_material_button.js",
      "fileHash": "2829b2b6",
      "needsInterop": false
    },
    "@angular/material/card": {
      "src": "../../../../../../node_modules/@angular/material/fesm2022/card.mjs",
      "file": "@angular_material_card.js",
      "fileHash": "41fcac2d",
      "needsInterop": false
    },
    "@angular/material/checkbox": {
      "src": "../../../../../../node_modules/@angular/material/fesm2022/checkbox.mjs",
      "file": "@angular_material_checkbox.js",
      "fileHash": "05467e06",
      "needsInterop": false
    },
    "@angular/material/datepicker": {
      "src": "../../../../../../node_modules/@angular/material/fesm2022/datepicker.mjs",
      "file": "@angular_material_datepicker.js",
      "fileHash": "ebb135ef",
      "needsInterop": false
    },
    "@angular/material/dialog": {
      "src": "../../../../../../node_modules/@angular/material/fesm2022/dialog.mjs",
      "file": "@angular_material_dialog.js",
      "fileHash": "d9558b86",
      "needsInterop": false
    },
    "@angular/material/form-field": {
      "src": "../../../../../../node_modules/@angular/material/fesm2022/form-field.mjs",
      "file": "@angular_material_form-field.js",
      "fileHash": "b0f655c1",
      "needsInterop": false
    },
    "@angular/material/icon": {
      "src": "../../../../../../node_modules/@angular/material/fesm2022/icon.mjs",
      "file": "@angular_material_icon.js",
      "fileHash": "55a02a6f",
      "needsInterop": false
    },
    "@angular/material/input": {
      "src": "../../../../../../node_modules/@angular/material/fesm2022/input.mjs",
      "file": "@angular_material_input.js",
      "fileHash": "17dbc704",
      "needsInterop": false
    },
    "@angular/material/list": {
      "src": "../../../../../../node_modules/@angular/material/fesm2022/list.mjs",
      "file": "@angular_material_list.js",
      "fileHash": "6dddfcf0",
      "needsInterop": false
    },
    "@angular/material/menu": {
      "src": "../../../../../../node_modules/@angular/material/fesm2022/menu.mjs",
      "file": "@angular_material_menu.js",
      "fileHash": "c2e7b664",
      "needsInterop": false
    },
    "@angular/material/paginator": {
      "src": "../../../../../../node_modules/@angular/material/fesm2022/paginator.mjs",
      "file": "@angular_material_paginator.js",
      "fileHash": "ff94a640",
      "needsInterop": false
    },
    "@angular/material/radio": {
      "src": "../../../../../../node_modules/@angular/material/fesm2022/radio.mjs",
      "file": "@angular_material_radio.js",
      "fileHash": "d6d2e7cf",
      "needsInterop": false
    },
    "@angular/material/select": {
      "src": "../../../../../../node_modules/@angular/material/fesm2022/select.mjs",
      "file": "@angular_material_select.js",
      "fileHash": "a91b94f7",
      "needsInterop": false
    },
    "@angular/material/sidenav": {
      "src": "../../../../../../node_modules/@angular/material/fesm2022/sidenav.mjs",
      "file": "@angular_material_sidenav.js",
      "fileHash": "e89c15a7",
      "needsInterop": false
    },
    "@angular/material/slider": {
      "src": "../../../../../../node_modules/@angular/material/fesm2022/slider.mjs",
      "file": "@angular_material_slider.js",
      "fileHash": "267a0259",
      "needsInterop": false
    },
    "@angular/material/snack-bar": {
      "src": "../../../../../../node_modules/@angular/material/fesm2022/snack-bar.mjs",
      "file": "@angular_material_snack-bar.js",
      "fileHash": "6d5ca2a6",
      "needsInterop": false
    },
    "@angular/material/sort": {
      "src": "../../../../../../node_modules/@angular/material/fesm2022/sort.mjs",
      "file": "@angular_material_sort.js",
      "fileHash": "da16ba38",
      "needsInterop": false
    },
    "@angular/material/table": {
      "src": "../../../../../../node_modules/@angular/material/fesm2022/table.mjs",
      "file": "@angular_material_table.js",
      "fileHash": "8afd8f23",
      "needsInterop": false
    },
    "@angular/material/timepicker": {
      "src": "../../../../../../node_modules/@angular/material/fesm2022/timepicker.mjs",
      "file": "@angular_material_timepicker.js",
      "fileHash": "c6b0df71",
      "needsInterop": false
    },
    "@angular/material/toolbar": {
      "src": "../../../../../../node_modules/@angular/material/fesm2022/toolbar.mjs",
      "file": "@angular_material_toolbar.js",
      "fileHash": "57476b2f",
      "needsInterop": false
    },
    "@angular/material/tooltip": {
      "src": "../../../../../../node_modules/@angular/material/fesm2022/tooltip.mjs",
      "file": "@angular_material_tooltip.js",
      "fileHash": "311e3e8c",
      "needsInterop": false
    },
    "@angular/platform-browser": {
      "src": "../../../../../../node_modules/@angular/platform-browser/fesm2022/platform-browser.mjs",
      "file": "@angular_platform-browser.js",
      "fileHash": "c70db425",
      "needsInterop": false
    },
    "@angular/platform-browser/animations": {
      "src": "../../../../../../node_modules/@angular/platform-browser/fesm2022/animations.mjs",
      "file": "@angular_platform-browser_animations.js",
      "fileHash": "64f4a7d0",
      "needsInterop": false
    },
    "@angular/router": {
      "src": "../../../../../../node_modules/@angular/router/fesm2022/router.mjs",
      "file": "@angular_router.js",
      "fileHash": "30922304",
      "needsInterop": false
    },
    "@swimlane/ngx-charts": {
      "src": "../../../../../../node_modules/@swimlane/ngx-charts/fesm2020/swimlane-ngx-charts.mjs",
      "file": "@swimlane_ngx-charts.js",
      "fileHash": "51b6538b",
      "needsInterop": false
    },
    "zone.js": {
      "src": "../../../../../../node_modules/zone.js/fesm2015/zone.js",
      "file": "zone__js.js",
      "fileHash": "602b2d51",
      "needsInterop": true
    }
  },
  "chunks": {
    "chunk-FB3K7S7V": {
      "file": "chunk-FB3K7S7V.js"
    },
    "chunk-BLMNNYCR": {
      "file": "chunk-BLMNNYCR.js"
    },
    "chunk-OCJ2TCQ7": {
      "file": "chunk-OCJ2TCQ7.js"
    },
    "chunk-DTS23SUH": {
      "file": "chunk-DTS23SUH.js"
    },
    "chunk-W2WG6YOH": {
      "file": "chunk-W2WG6YOH.js"
    },
    "chunk-BKLJ5N4Y": {
      "file": "chunk-BKLJ5N4Y.js"
    },
    "chunk-DGYCBEIS": {
      "file": "chunk-DGYCBEIS.js"
    },
    "chunk-XKYBMFTM": {
      "file": "chunk-XKYBMFTM.js"
    },
    "chunk-THFBDT2T": {
      "file": "chunk-THFBDT2T.js"
    },
    "chunk-Z7DKZ7MB": {
      "file": "chunk-Z7DKZ7MB.js"
    },
    "chunk-PJZQ4G35": {
      "file": "chunk-PJZQ4G35.js"
    },
    "chunk-AXY65ADK": {
      "file": "chunk-AXY65ADK.js"
    },
    "chunk-WQXXM5BO": {
      "file": "chunk-WQXXM5BO.js"
    },
    "chunk-KPTEEAQY": {
      "file": "chunk-KPTEEAQY.js"
    },
    "chunk-HDE7SAT4": {
      "file": "chunk-HDE7SAT4.js"
    },
    "chunk-64R233DN": {
      "file": "chunk-64R233DN.js"
    },
    "chunk-YWVNW5KE": {
      "file": "chunk-YWVNW5KE.js"
    },
    "chunk-6IOBH7GY": {
      "file": "chunk-6IOBH7GY.js"
    },
    "chunk-2W3WA55Y": {
      "file": "chunk-2W3WA55Y.js"
    },
    "chunk-T5UFJ2DY": {
      "file": "chunk-T5UFJ2DY.js"
    },
    "chunk-ZUQSTPD3": {
      "file": "chunk-ZUQSTPD3.js"
    },
    "chunk-JQHOGXJF": {
      "file": "chunk-JQHOGXJF.js"
    },
    "chunk-LHDXZJBQ": {
      "file": "chunk-LHDXZJBQ.js"
    },
    "chunk-WSH3KA4S": {
      "file": "chunk-WSH3KA4S.js"
    },
    "chunk-FDSJGVB3": {
      "file": "chunk-FDSJGVB3.js"
    },
    "chunk-AXX6UZ5E": {
      "file": "chunk-AXX6UZ5E.js"
    },
    "chunk-K5WRV2ZI": {
      "file": "chunk-K5WRV2ZI.js"
    },
    "chunk-HBF2LOUD": {
      "file": "chunk-HBF2LOUD.js"
    },
    "chunk-O3CDY47V": {
      "file": "chunk-O3CDY47V.js"
    },
    "chunk-GWFLKVBH": {
      "file": "chunk-GWFLKVBH.js"
    },
    "chunk-VENV3F3G": {
      "file": "chunk-VENV3F3G.js"
    },
    "chunk-OWWQDQTX": {
      "file": "chunk-OWWQDQTX.js"
    },
    "chunk-5EG33CFQ": {
      "file": "chunk-5EG33CFQ.js"
    },
    "chunk-NLCZBGAC": {
      "file": "chunk-NLCZBGAC.js"
    },
    "chunk-HJUFWOXB": {
      "file": "chunk-HJUFWOXB.js"
    },
    "chunk-BXX2HSGB": {
      "file": "chunk-BXX2HSGB.js"
    },
    "chunk-TOVMTX4B": {
      "file": "chunk-TOVMTX4B.js"
    },
    "chunk-P5CTDYE3": {
      "file": "chunk-P5CTDYE3.js"
    },
    "chunk-TQL27XZ3": {
      "file": "chunk-TQL27XZ3.js"
    },
    "chunk-CYIUJTKM": {
      "file": "chunk-CYIUJTKM.js"
    },
    "chunk-7ZNSXDVY": {
      "file": "chunk-7ZNSXDVY.js"
    },
    "chunk-TXDUYLVM": {
      "file": "chunk-TXDUYLVM.js"
    }
  }
}